,Study Hours per Week,Attendance Rate,Previous Grades,Participation in Extracurricular Activities,Parent Education Level,Passed
Study Hours per Week,1.0,0.0030960191529241085,0.0028526758481995504,0.005505265738529448,0.003293194079851911,-0.013092129290117983
Attendance Rate,0.0030960191529241085,1.0,-0.0014453226440964556,0.0023150016661134033,0.001873237101932154,0.002161603176406806
Previous Grades,0.0028526758481995504,-0.0014453226440964556,1.0,4.619651621887517e-05,0.011954382532443646,-0.0025763882117786747
Participation in Extracurricular Activities,0.005505265738529448,0.0023150016661134033,4.619651621887517e-05,1.0,0.00016859306872995232,0.007010073134811619
Parent Education Level,0.003293194079851911,0.001873237101932154,0.011954382532443646,0.00016859306872995232,1.0,0.008809633746911674
Passed,-0.013092129290117983,0.002161603176406806,-0.0025763882117786747,0.007010073134811619,0.008809633746911674,1.0
